Method,Accuracy,Negatif_Precision,Negatif_Recall,Negatif_F1-Score,Negatif_Support,Netral_Precision,Netral_Recall,Netral_F1-Score,Netral_Support,Positif_Precision,Positif_Recall,Positif_F1-Score,Positif_Support,Macro_Avg_Precision,Macro_Avg_Recall,Macro_Avg_F1-Score,Weighted_Avg_Precision,Weighted_Avg_Recall,Weighted_Avg_F1-Score
ML - Logistic Regression,0.83,0.75,0.4090909090909091,0.5294117647058824,22.0,0.0,0.0,0.0,2.0,0.8409090909090909,0.9736842105263158,0.9024390243902439,76.0,0.5303030303030303,0.4609250398724083,0.47728359636537543,0.8040909090909091,0.83,0.8023242467718795
ML - MLP Neural Network,0.87,0.7777777777777778,0.6363636363636364,0.7,22.0,0.0,0.0,0.0,2.0,0.8902439024390244,0.9605263157894737,0.9240506329113924,76.0,0.5560072267389341,0.5322966507177034,0.5413502109704641,0.8476964769647697,0.87,0.8562784810126581
ML - Naive Bayes (Multinomial),0.87,0.8125,0.5909090909090909,0.6842105263157895,22.0,0.0,0.0,0.0,2.0,0.8809523809523809,0.9736842105263158,0.925,76.0,0.564484126984127,0.521531100478469,0.5364035087719299,0.8482738095238095,0.87,0.8535263157894737
